Product_ID,Category,Brand,Price,Material,Color,Fit_Type,Size_Available
P1,T-Shirt,Nike,953.55,Polyester,Blue,Regular,1
P2,Shirt,UCB,806.26,Cotton,Green,Loose,1
P3,Shirt,Puma,2339.28,Wool,Yellow,Regular,1
P4,Kurta,Puma,3706.03,Polyester,White,Regular,0
P5,Jeans,Roadster,4809.55,Polyester,Green,Regular,0
P6,T-Shirt,Puma,3070.94,Cotton,Blue,Loose,0
P7,Shirt,Roadster,4847.81,Cotton,Yellow,Slim,0
P8,T-Shirt,Puma,4368.55,Polyester,Black,Loose,0
P9,Jacket,HRX,4832.96,Cotton,Yellow,Regular,1
P10,Kurta,UCB,583.35,Linen,Blue,Regular,0
P11,Shirt,Levi's,3112.28,Polyester,Red,Regular,1
P12,Kurta,HRX,2310.86,Wool,Red,Regular,0
P13,T-Shirt,UCB,1047.23,Linen,Green,Regular,1
P14,Shirt,Nike,2838.54,Wool,Yellow,Loose,0
P15,Shirt,Nike,2276.08,Wool,Green,Regular,1
P16,T-Shirt,Puma,1712.39,Wool,Yellow,Loose,0
P17,Kurta,Levi's,4608.46,Denim,Green,Slim,1
P18,Jacket,Roadster,1769.37,Cotton,Green,Regular,0
P19,T-Shirt,HRX,3573.69,Wool,Green,Slim,0
P20,Jacket,HRX,1130.6,Polyester,Yellow,Loose,0
P21,T-Shirt,Roadster,2616.07,Polyester,Yellow,Regular,0
P22,Shirt,Roadster,4742.95,Polyester,Green,Loose,1
P23,Jacket,Puma,4815.35,Cotton,Green,Loose,1
P24,Jacket,Levi's,2141.83,Wool,Blue,Slim,1
P25,Shirt,Levi's,1631.58,Linen,Blue,Regular,1
P26,Jeans,Levi's,2548.57,Polyester,Red,Regular,0
P27,Shirt,Levi's,1677.65,Wool,Blue,Loose,0
P28,Jacket,Puma,921.12,Denim,Blue,Loose,1
P29,Jeans,Puma,1543.16,Linen,Yellow,Regular,1
P30,Kurta,Roadster,4259.4,Denim,White,Slim,0
P31,Shirt,Nike,404.39,Polyester,Yellow,Loose,1
P32,T-Shirt,Roadster,4847.83,Linen,Black,Loose,0
P33,Shirt,HRX,4428.63,Cotton,Blue,Slim,1
P34,Jacket,Roadster,4559.09,Cotton,Red,Regular,1
P35,Shirt,UCB,739.45,Denim,Red,Slim,0
P36,Kurta,Levi's,2406.87,Polyester,Black,Loose,1
P37,Shirt,HRX,4007.54,Cotton,Black,Regular,1
P38,Jeans,Roadster,2612.61,Denim,Blue,Loose,0
P39,Jacket,HRX,1994.82,Cotton,Green,Slim,0
P40,T-Shirt,HRX,1976.57,Linen,Yellow,Regular,0
P41,Kurta,Puma,2386.77,Wool,White,Regular,0
P42,Kurta,HRX,2198.28,Wool,Black,Slim,1
P43,T-Shirt,Puma,3281.37,Denim,White,Slim,1
P44,Jacket,Roadster,3294.63,Linen,Black,Slim,0
P45,Jacket,Puma,4255.48,Polyester,Yellow,Regular,1
P46,Kurta,Roadster,2409.15,Denim,Black,Loose,0
P47,Shirt,Roadster,1611.36,Denim,Blue,Slim,0
P48,Jeans,HRX,1705.55,Denim,Red,Slim,0
P49,T-Shirt,HRX,541.63,Polyester,Red,Slim,0
P50,Kurta,Roadster,4266.0,Wool,Green,Regular,1
P51,T-Shirt,Nike,4898.95,Wool,Red,Regular,0
P52,Shirt,Roadster,475.96,Polyester,Green,Loose,0
P53,T-Shirt,Levi's,2615.37,Wool,Yellow,Slim,0
P54,Jacket,UCB,1921.69,Linen,Black,Slim,1
P55,Shirt,HRX,3656.28,Denim,Yellow,Regular,0
P56,Shirt,HRX,4259.02,Cotton,Yellow,Regular,0
P57,T-Shirt,Nike,4916.98,Linen,White,Regular,0
P58,Jeans,Nike,4403.43,Polyester,Green,Slim,0
P59,Jeans,Nike,3182.65,Cotton,Green,Loose,0
P60,Jacket,UCB,3139.24,Linen,Green,Slim,0
P61,T-Shirt,Puma,2992.77,Denim,White,Slim,0
P62,Kurta,Roadster,4870.01,Cotton,Black,Loose,0
P63,T-Shirt,Nike,991.77,Wool,Red,Loose,1
P64,Shirt,Puma,4538.42,Denim,Green,Loose,1
P65,T-Shirt,UCB,3267.89,Cotton,Red,Regular,0
P66,Shirt,Roadster,1863.57,Linen,Green,Loose,0
P67,Shirt,Puma,3819.96,Cotton,White,Loose,0
P68,Jacket,Nike,4097.25,Cotton,Red,Regular,1
P69,Jeans,HRX,3613.95,Cotton,Green,Slim,1
P70,Jacket,Roadster,4108.67,Denim,Red,Slim,0
P71,Jacket,UCB,4401.38,Cotton,Red,Loose,0
P72,Shirt,Levi's,657.86,Wool,Black,Slim,1
P73,Kurta,Puma,825.31,Polyester,White,Regular,1
P74,Kurta,HRX,2412.83,Linen,White,Regular,1
P75,T-Shirt,Nike,3872.8,Cotton,Green,Loose,0
P76,T-Shirt,UCB,2589.75,Cotton,White,Loose,0
P77,Jacket,Roadster,4497.08,Polyester,Yellow,Slim,1
P78,Kurta,Puma,4426.4,Linen,Yellow,Regular,1
P79,Shirt,HRX,4413.53,Cotton,White,Regular,1
P80,Shirt,Nike,2636.97,Wool,Black,Slim,1
P81,Jeans,Roadster,583.1,Cotton,Yellow,Slim,1
P82,Shirt,HRX,1705.48,Linen,Green,Loose,1
P83,Jacket,Roadster,3990.05,Polyester,Blue,Slim,0
P84,Jacket,Levi's,1167.69,Linen,Green,Loose,1
P85,Kurta,Puma,4087.92,Linen,White,Regular,0
P86,T-Shirt,Levi's,3823.78,Wool,Blue,Loose,1
P87,Jacket,UCB,4763.41,Denim,White,Slim,0
P88,Kurta,Puma,4423.42,Denim,Green,Slim,0
P89,Shirt,Levi's,2846.96,Cotton,Red,Regular,0
P90,Jacket,Nike,934.71,Cotton,Yellow,Slim,1
P91,Jacket,UCB,4686.07,Denim,Yellow,Slim,1
P92,Shirt,Puma,2075.33,Wool,Green,Loose,1
P93,Kurta,Levi's,2902.14,Wool,White,Loose,0
P94,Jacket,Levi's,3206.93,Cotton,Black,Slim,0
P95,Shirt,Levi's,1429.72,Wool,White,Loose,0
P96,T-Shirt,Roadster,2782.49,Wool,Green,Regular,1
P97,T-Shirt,Roadster,2225.79,Cotton,Red,Slim,0
P98,Jeans,UCB,431.74,Polyester,Green,Regular,1
P99,T-Shirt,Roadster,928.18,Linen,Blue,Loose,1
P100,T-Shirt,Roadster,644.71,Cotton,Green,Regular,1
P101,T-Shirt,HRX,347.05,Denim,Red,Loose,0
P102,Jeans,Levi's,2321.25,Denim,Green,Slim,1
P103,Kurta,Roadster,4285.5,Denim,White,Regular,1
P104,Shirt,Levi's,4267.83,Denim,Black,Slim,0
P105,Shirt,HRX,1448.75,Cotton,Yellow,Slim,0
P106,Shirt,Nike,1937.09,Wool,Red,Slim,0
P107,Shirt,HRX,1231.34,Linen,Blue,Loose,1
P108,Jeans,Roadster,1094.85,Denim,Blue,Slim,0
P109,Jacket,Nike,4602.83,Cotton,Blue,Slim,1
P110,Shirt,Levi's,2032.21,Wool,Yellow,Loose,0
P111,Kurta,Puma,3064.34,Denim,Green,Slim,0
P112,T-Shirt,HRX,4467.29,Polyester,White,Regular,0
P113,T-Shirt,UCB,1401.72,Cotton,Blue,Regular,0
P114,T-Shirt,Nike,4985.56,Linen,Red,Regular,1
P115,Shirt,HRX,813.03,Denim,Blue,Slim,1
P116,Shirt,Roadster,3277.02,Wool,Blue,Loose,1
P117,Jeans,Puma,1710.33,Denim,Red,Slim,0
P118,Shirt,Nike,1822.92,Linen,Black,Slim,0
P119,T-Shirt,Nike,3439.39,Denim,White,Loose,0
P120,Jeans,Nike,1832.21,Wool,Green,Regular,0
P121,Kurta,UCB,2273.34,Cotton,Yellow,Slim,1
P122,Shirt,Levi's,3325.32,Wool,Green,Loose,0
P123,T-Shirt,Roadster,2809.91,Wool,Green,Slim,1
P124,T-Shirt,HRX,3532.88,Denim,White,Loose,1
P125,Jacket,Puma,3883.17,Denim,Green,Regular,0
P126,Jeans,Puma,3252.45,Denim,White,Loose,0
P127,Kurta,HRX,4265.19,Linen,White,Slim,0
P128,Kurta,Levi's,3123.64,Polyester,Blue,Loose,0
P129,Jacket,UCB,3637.15,Denim,Yellow,Loose,1
P130,T-Shirt,Puma,3960.73,Wool,Green,Regular,0
P131,Jeans,Roadster,3625.59,Wool,Yellow,Loose,0
P132,Shirt,Levi's,1786.18,Polyester,Green,Slim,1
P133,T-Shirt,UCB,427.33,Wool,Black,Slim,0
P134,Jeans,Nike,1372.91,Cotton,White,Slim,0
P135,Kurta,Levi's,3604.1,Denim,Yellow,Regular,1
P136,Shirt,UCB,2888.58,Cotton,Green,Loose,0
P137,T-Shirt,HRX,3384.24,Cotton,Green,Slim,1
P138,Jeans,UCB,1250.11,Linen,Green,Regular,1
P139,T-Shirt,Nike,2039.07,Polyester,Blue,Slim,0
P140,Jeans,Nike,3315.94,Cotton,Red,Regular,1
P141,Jacket,Puma,1912.21,Polyester,Blue,Loose,1
P142,Kurta,Levi's,411.1,Polyester,White,Regular,1
P143,T-Shirt,Puma,4975.76,Denim,Yellow,Slim,1
P144,Jacket,Puma,2716.72,Cotton,Black,Regular,1
P145,Jeans,Puma,1270.27,Wool,Yellow,Regular,1
P146,Kurta,Nike,1598.12,Wool,Blue,Regular,0
P147,Kurta,Nike,999.92,Polyester,Blue,Loose,1
P148,Jeans,Levi's,3625.9,Cotton,Red,Loose,0
P149,Kurta,Nike,4358.81,Polyester,White,Slim,1
P150,Kurta,HRX,2429.12,Linen,Yellow,Slim,0
P151,T-Shirt,HRX,825.43,Linen,Yellow,Loose,1
P152,Kurta,Puma,3629.8,Cotton,Blue,Loose,1
P153,Shirt,Levi's,4201.4,Linen,Blue,Regular,0
P154,Jacket,Levi's,389.85,Wool,Black,Slim,0
P155,Jacket,Nike,1859.11,Wool,Black,Loose,0
P156,T-Shirt,Roadster,306.89,Polyester,Black,Slim,0
P157,Jeans,HRX,1486.27,Cotton,Yellow,Slim,1
P158,Jacket,HRX,899.77,Denim,Green,Regular,0
P159,Shirt,Roadster,4126.04,Cotton,Red,Slim,0
P160,T-Shirt,Puma,1295.58,Cotton,Black,Loose,1
P161,Jacket,HRX,1103.92,Wool,White,Slim,0
P162,T-Shirt,UCB,4899.43,Linen,White,Slim,1
P163,Shirt,Puma,4323.53,Polyester,Yellow,Loose,1
P164,Jacket,UCB,4257.07,Polyester,Yellow,Regular,1
P165,Jacket,UCB,3572.13,Denim,White,Slim,1
P166,Kurta,UCB,3342.59,Cotton,Black,Slim,0
P167,Jacket,Nike,798.02,Polyester,Red,Slim,1
P168,T-Shirt,Roadster,3474.43,Cotton,Blue,Loose,1
P169,T-Shirt,Roadster,2075.66,Cotton,Blue,Loose,0
P170,Shirt,UCB,1873.98,Denim,Blue,Regular,1
P171,Jacket,HRX,682.75,Wool,Yellow,Slim,1
P172,Shirt,Roadster,2108.1,Denim,Red,Loose,0
P173,T-Shirt,UCB,471.11,Polyester,Yellow,Regular,0
P174,Kurta,Nike,4280.99,Wool,Green,Slim,1
P175,Jacket,Nike,3543.58,Linen,Red,Loose,1
P176,Shirt,Roadster,808.42,Cotton,White,Loose,1
P177,T-Shirt,UCB,779.25,Wool,Blue,Regular,1
P178,Jacket,Puma,2993.24,Wool,Blue,Loose,1
P179,Jacket,Roadster,4228.96,Denim,Blue,Loose,1
P180,Shirt,Nike,1204.07,Polyester,Blue,Loose,0
P181,Shirt,HRX,3513.49,Denim,Red,Loose,0
P182,Kurta,Levi's,1456.37,Denim,Yellow,Slim,0
P183,Jacket,Roadster,4442.72,Cotton,White,Loose,1
P184,Shirt,Puma,1827.56,Wool,Green,Loose,0
P185,T-Shirt,Roadster,1720.97,Denim,White,Slim,1
P186,Kurta,HRX,3495.61,Wool,Green,Regular,1
P187,T-Shirt,Levi's,547.84,Cotton,Yellow,Loose,0
P188,Kurta,Levi's,4724.72,Cotton,Green,Slim,1
P189,Kurta,Nike,3876.32,Cotton,Red,Regular,1
P190,Shirt,Nike,3474.7,Cotton,Green,Slim,0
P191,Kurta,HRX,2301.32,Linen,Red,Loose,1
P192,Shirt,UCB,2919.46,Denim,White,Loose,1
P193,Jeans,UCB,1011.27,Denim,White,Loose,0
P194,Jeans,Puma,4266.5,Denim,Red,Loose,1
P195,Jeans,HRX,371.34,Linen,Blue,Regular,1
P196,Shirt,Nike,1181.25,Cotton,Green,Regular,0
P197,Jeans,Nike,1441.31,Wool,Black,Slim,1
P198,Jeans,UCB,1898.08,Polyester,Blue,Loose,0
P199,Shirt,Puma,3191.81,Cotton,Yellow,Slim,0
P200,Kurta,Puma,4052.19,Polyester,Blue,Regular,0
P201,T-Shirt,UCB,599.02,Cotton,White,Slim,1
P202,Jacket,UCB,2353.83,Denim,Yellow,Regular,1
P203,Jeans,Roadster,2443.03,Cotton,Blue,Slim,1
P204,Jacket,HRX,3661.9,Polyester,Green,Loose,0
P205,Kurta,HRX,4322.89,Denim,Blue,Regular,0
P206,Jacket,HRX,1519.3,Wool,Green,Regular,0
P207,Jeans,Levi's,3255.22,Denim,Black,Loose,1
P208,Jeans,HRX,4043.27,Cotton,Blue,Loose,1
P209,T-Shirt,Puma,3899.51,Denim,Green,Slim,0
P210,T-Shirt,Nike,3391.28,Cotton,Green,Loose,1
P211,Jeans,HRX,3835.51,Polyester,Red,Loose,1
P212,Kurta,Nike,1422.95,Polyester,Black,Slim,1
P213,Kurta,Puma,3782.91,Cotton,Blue,Regular,0
P214,Shirt,UCB,3040.2,Linen,Black,Loose,1
P215,Kurta,Puma,4569.4,Cotton,Blue,Slim,0
P216,Kurta,Nike,630.99,Polyester,Yellow,Regular,1
P217,Jeans,Puma,4345.65,Denim,Red,Loose,1
P218,T-Shirt,HRX,451.08,Linen,Yellow,Slim,0
P219,Shirt,Roadster,3112.28,Cotton,Red,Regular,1
P220,Kurta,Puma,3321.23,Polyester,White,Loose,0
P221,Shirt,Levi's,4276.56,Denim,Black,Regular,0
P222,T-Shirt,Roadster,1440.36,Cotton,Red,Slim,0
P223,Jacket,Nike,4939.56,Wool,White,Regular,1
P224,Shirt,Roadster,2380.56,Denim,Blue,Slim,0
P225,T-Shirt,Roadster,2183.55,Polyester,Black,Loose,0
P226,Jeans,UCB,3253.17,Wool,Blue,Slim,0
P227,Jacket,Puma,1862.74,Polyester,Yellow,Slim,1
P228,Jacket,Puma,894.82,Linen,White,Loose,1
P229,Kurta,Nike,1779.51,Polyester,Yellow,Loose,1
P230,Shirt,Levi's,353.52,Denim,Yellow,Slim,0
P231,Jeans,Levi's,2867.59,Denim,White,Regular,0
P232,Kurta,Roadster,2646.21,Denim,Green,Loose,0
P233,Kurta,HRX,2387.49,Linen,Blue,Loose,1
P234,Jeans,UCB,622.88,Linen,Blue,Loose,1
P235,T-Shirt,Roadster,4393.12,Cotton,Red,Regular,0
P236,Shirt,Puma,4048.11,Cotton,Green,Slim,0
P237,Kurta,Puma,1810.3,Linen,Yellow,Regular,0
P238,Jacket,Puma,456.5,Polyester,Green,Loose,1
P239,Jacket,HRX,2714.68,Polyester,Yellow,Regular,1
P240,Jeans,Nike,1907.64,Linen,Blue,Regular,1
P241,Kurta,Puma,4641.16,Denim,Yellow,Regular,1
P242,Jeans,Roadster,1690.19,Cotton,Blue,Regular,1
P243,Jeans,Puma,3731.84,Polyester,Red,Loose,0
P244,T-Shirt,Levi's,841.67,Denim,Black,Regular,1
P245,Jacket,UCB,3803.85,Wool,Blue,Slim,0
P246,Shirt,UCB,3350.47,Polyester,Green,Loose,0
P247,Kurta,Roadster,2400.29,Polyester,Green,Slim,1
P248,Kurta,Roadster,3572.53,Denim,Blue,Regular,1
P249,Shirt,Levi's,1278.04,Denim,Yellow,Loose,1
P250,Shirt,Nike,2356.2,Polyester,Blue,Loose,1
P251,Jacket,Roadster,2141.21,Polyester,Red,Loose,0
P252,Jacket,UCB,591.06,Denim,Black,Slim,0
P253,Shirt,Roadster,1008.03,Denim,Yellow,Slim,0
P254,Kurta,UCB,3329.56,Polyester,Green,Slim,0
P255,T-Shirt,UCB,1841.93,Cotton,Red,Regular,1
P256,Jacket,Nike,3278.19,Denim,Blue,Loose,0
P257,Jacket,UCB,3112.09,Wool,Green,Regular,0
P258,Kurta,HRX,4046.04,Denim,Green,Slim,0
P259,Kurta,Levi's,3893.05,Wool,White,Loose,1
P260,T-Shirt,Levi's,4086.85,Polyester,Red,Regular,1
P261,T-Shirt,UCB,4662.25,Wool,Red,Regular,1
P262,Jacket,Puma,1057.81,Denim,Black,Regular,0
P263,T-Shirt,HRX,1142.5,Cotton,Blue,Regular,1
P264,Shirt,Roadster,870.03,Cotton,Yellow,Loose,1
P265,Kurta,UCB,4042.17,Linen,Black,Slim,0
P266,Jacket,UCB,3626.02,Polyester,Green,Regular,1
P267,T-Shirt,Nike,3965.33,Cotton,Red,Slim,1
P268,Jacket,Roadster,3724.94,Cotton,Blue,Loose,1
P269,Shirt,Nike,4754.15,Denim,White,Loose,1
P270,Shirt,UCB,2686.55,Wool,Red,Loose,0
P271,Jacket,HRX,4315.18,Polyester,Blue,Loose,1
P272,T-Shirt,Levi's,3223.11,Wool,Green,Loose,0
P273,Shirt,Roadster,4283.13,Linen,Black,Regular,0
P274,T-Shirt,Roadster,3024.95,Denim,Red,Slim,1
P275,Jacket,Nike,4726.15,Denim,Blue,Loose,1
P276,Jacket,Nike,4303.04,Linen,Green,Loose,0
P277,Jeans,Puma,4600.2,Wool,Yellow,Loose,1
P278,T-Shirt,HRX,3690.42,Polyester,Blue,Slim,0
P279,Jacket,Levi's,841.94,Wool,Black,Regular,0
P280,Jacket,HRX,3120.53,Cotton,Blue,Slim,0
P281,T-Shirt,Puma,1754.31,Cotton,Red,Slim,1
P282,Jeans,Puma,1423.25,Wool,Red,Slim,0
P283,Jacket,Puma,849.75,Polyester,Red,Loose,0
P284,T-Shirt,UCB,3247.41,Wool,Red,Regular,1
P285,Kurta,Roadster,4566.97,Cotton,Red,Regular,0
P286,Jacket,Levi's,1424.55,Wool,White,Regular,0
P287,Jeans,Puma,3679.92,Cotton,Red,Loose,1
P288,Jeans,UCB,2522.17,Linen,Yellow,Slim,1
P289,T-Shirt,Levi's,1142.62,Wool,White,Regular,0
P290,Shirt,Nike,1040.55,Wool,Blue,Loose,0
P291,Jeans,Roadster,4195.62,Linen,Yellow,Regular,1
P292,Shirt,UCB,568.07,Linen,Green,Regular,1
P293,T-Shirt,UCB,3930.14,Denim,Red,Loose,1
P294,Kurta,Puma,2868.15,Denim,Yellow,Regular,0
P295,Kurta,UCB,4414.47,Wool,Yellow,Loose,0
P296,Jeans,Puma,2191.96,Linen,Green,Regular,0
P297,Jeans,Puma,4772.46,Denim,Green,Regular,0
P298,Shirt,UCB,2980.62,Cotton,Green,Slim,0
P299,Kurta,HRX,1853.01,Denim,White,Regular,0
P300,Jeans,HRX,3425.07,Denim,Blue,Slim,0
P301,Shirt,HRX,922.0,Wool,Red,Loose,1
P302,Jacket,Levi's,1985.72,Polyester,Blue,Loose,1
P303,Shirt,Roadster,4273.55,Denim,Black,Loose,0
P304,Jacket,Levi's,564.55,Linen,Red,Slim,0
P305,Kurta,Levi's,3434.77,Polyester,Blue,Loose,1
P306,Jacket,Roadster,3671.64,Polyester,Green,Loose,1
P307,Kurta,Puma,933.52,Denim,Black,Regular,0
P308,Shirt,Nike,3820.08,Polyester,Red,Loose,0
P309,Jeans,Roadster,1822.94,Cotton,Red,Slim,0
P310,Jacket,UCB,4896.84,Cotton,White,Regular,1
P311,Jeans,UCB,1051.37,Denim,Green,Loose,0
P312,Jeans,Roadster,4132.76,Linen,Red,Slim,1
P313,Shirt,Nike,2649.46,Polyester,Red,Slim,0
P314,Shirt,UCB,3395.63,Denim,Red,Loose,0
P315,Shirt,Nike,4276.35,Denim,Green,Regular,1
P316,Jeans,Roadster,2683.76,Wool,Yellow,Slim,1
P317,Jeans,Puma,2738.72,Denim,Green,Loose,1
P318,Kurta,Puma,1855.91,Linen,White,Loose,0
P319,T-Shirt,UCB,2145.23,Cotton,Green,Loose,0
P320,Jacket,Levi's,3262.93,Denim,Red,Loose,1
P321,Kurta,Levi's,2460.64,Cotton,Blue,Slim,0
P322,T-Shirt,Nike,3258.88,Wool,Green,Regular,1
P323,Jacket,Levi's,1646.64,Polyester,Blue,Slim,0
P324,Jacket,Roadster,1366.35,Linen,Green,Regular,1
P325,Jeans,Levi's,3589.35,Polyester,Blue,Regular,0
P326,Jacket,HRX,333.07,Linen,White,Regular,1
P327,Jeans,Levi's,2048.85,Denim,White,Loose,1
P328,T-Shirt,Roadster,3405.47,Polyester,Yellow,Regular,0
P329,Jeans,HRX,1311.02,Linen,Blue,Loose,0
P330,T-Shirt,Levi's,1243.9,Polyester,White,Slim,1
P331,Jeans,Roadster,312.13,Linen,Black,Slim,1
P332,Jacket,HRX,4712.55,Polyester,Green,Regular,1
P333,Shirt,Roadster,2138.03,Denim,Red,Regular,1
P334,Jeans,Roadster,830.79,Linen,White,Regular,0
P335,Kurta,HRX,878.13,Wool,Black,Slim,0
P336,Shirt,Levi's,3259.42,Denim,Black,Regular,0
P337,Jeans,Levi's,4474.28,Polyester,Yellow,Slim,0
P338,Jacket,UCB,3343.77,Cotton,Green,Regular,0
P339,Jeans,Levi's,1311.85,Cotton,Black,Regular,0
P340,T-Shirt,Roadster,2646.64,Polyester,Black,Regular,0
P341,Jacket,Puma,994.6,Polyester,Black,Regular,0
P342,Jeans,HRX,4826.39,Cotton,Red,Loose,1
P343,Jacket,Nike,633.65,Cotton,Black,Loose,1
P344,Kurta,HRX,2172.85,Linen,Blue,Loose,1
P345,T-Shirt,UCB,3959.69,Linen,Red,Slim,0
P346,Kurta,HRX,4559.28,Cotton,Yellow,Slim,0
P347,Jacket,Puma,1528.29,Polyester,Green,Loose,0
P348,Jacket,Levi's,593.93,Cotton,Black,Slim,1
P349,Shirt,Puma,4718.02,Polyester,Red,Slim,1
P350,Shirt,Roadster,825.56,Wool,Blue,Regular,1
P351,Jeans,Levi's,3968.56,Cotton,White,Slim,0
P352,Jeans,Roadster,4249.95,Linen,Yellow,Regular,0
P353,Jeans,UCB,4469.26,Polyester,Black,Regular,0
P354,Jacket,UCB,4683.95,Linen,Black,Regular,1
P355,Kurta,Nike,2243.94,Cotton,White,Loose,0
P356,Jeans,HRX,598.32,Linen,White,Regular,0
P357,T-Shirt,Puma,1180.81,Linen,Red,Loose,0
P358,T-Shirt,Roadster,2958.16,Polyester,White,Loose,0
P359,T-Shirt,Levi's,2262.31,Polyester,White,Slim,1
P360,Shirt,Levi's,4756.47,Denim,Green,Slim,0
P361,Jacket,Roadster,2519.66,Wool,White,Loose,1
P362,Jacket,Nike,4284.38,Polyester,Green,Slim,0
P363,Jacket,Roadster,2891.32,Wool,Red,Regular,1
P364,Jeans,Puma,3454.73,Denim,Red,Slim,1
P365,Shirt,Levi's,2771.91,Wool,Red,Regular,1
P366,Jeans,Nike,2876.0,Cotton,Green,Regular,1
P367,Kurta,HRX,4725.95,Cotton,Green,Regular,1
P368,Jacket,Nike,4002.92,Linen,Green,Slim,0
P369,Jeans,Puma,1517.12,Wool,Green,Loose,1
P370,T-Shirt,UCB,418.52,Polyester,Blue,Slim,1
P371,Kurta,Nike,4888.36,Wool,Red,Loose,1
P372,Shirt,HRX,2533.55,Linen,Black,Slim,1
P373,Jacket,Nike,411.68,Denim,Yellow,Regular,1
P374,Jacket,Levi's,3801.68,Polyester,Blue,Regular,1
P375,T-Shirt,Nike,829.22,Wool,White,Regular,1
P376,Shirt,HRX,1824.35,Cotton,Blue,Slim,1
P377,Jeans,HRX,4548.92,Denim,Red,Regular,1
P378,T-Shirt,HRX,1759.35,Polyester,White,Slim,0
P379,Jacket,Puma,967.64,Polyester,Red,Slim,1
P380,T-Shirt,Roadster,1999.84,Polyester,Yellow,Regular,1
P381,Shirt,Nike,1583.63,Denim,Red,Slim,0
P382,Jacket,HRX,3952.34,Linen,Yellow,Loose,1
P383,Jeans,HRX,1805.28,Wool,Black,Slim,1
P384,Shirt,Roadster,2310.48,Wool,White,Slim,1
P385,Kurta,Roadster,4042.41,Linen,Green,Loose,0
P386,T-Shirt,Roadster,356.49,Wool,Black,Regular,0
P387,Jeans,UCB,3451.06,Linen,Yellow,Slim,0
P388,Kurta,Roadster,1494.23,Denim,Black,Slim,1
P389,Shirt,Puma,4686.74,Wool,Black,Loose,0
P390,Jeans,HRX,364.53,Wool,Green,Slim,0
P391,T-Shirt,Puma,3605.31,Wool,Red,Loose,1
P392,T-Shirt,Levi's,1526.45,Denim,Red,Regular,0
P393,Shirt,Puma,1868.33,Denim,Blue,Slim,1
P394,Jacket,Nike,4390.8,Wool,Red,Loose,1
P395,T-Shirt,Puma,2657.49,Cotton,Blue,Slim,0
P396,Shirt,UCB,2054.87,Wool,Blue,Loose,0
P397,Shirt,Roadster,3630.69,Wool,Blue,Regular,1
P398,Kurta,Levi's,4173.09,Wool,Green,Loose,1
P399,Kurta,Roadster,339.28,Denim,Green,Loose,0
P400,Kurta,Nike,1994.93,Polyester,Black,Regular,0
P401,T-Shirt,Nike,3259.85,Denim,Green,Slim,1
P402,Shirt,UCB,4753.88,Linen,Green,Regular,0
P403,Shirt,HRX,2929.05,Denim,Blue,Regular,1
P404,Kurta,Roadster,1647.36,Polyester,Black,Loose,1
P405,Kurta,Puma,3362.1,Denim,Blue,Slim,0
P406,T-Shirt,UCB,990.36,Linen,Blue,Regular,1
P407,Shirt,Levi's,3139.8,Linen,Blue,Slim,1
P408,Shirt,HRX,4640.35,Wool,Green,Regular,1
P409,T-Shirt,Roadster,1387.54,Denim,Yellow,Slim,0
P410,T-Shirt,UCB,1264.96,Cotton,Blue,Loose,0
P411,Shirt,HRX,2944.35,Cotton,White,Loose,0
P412,T-Shirt,Nike,2902.0,Denim,Blue,Regular,1
P413,Kurta,UCB,928.98,Denim,Green,Loose,1
P414,Jacket,Puma,1980.75,Denim,Yellow,Loose,1
P415,T-Shirt,Puma,1211.19,Linen,Yellow,Loose,1
P416,Jacket,Nike,1794.41,Polyester,Red,Loose,1
P417,Jacket,Levi's,3817.04,Denim,Green,Slim,1
P418,Jacket,Roadster,1422.61,Wool,Green,Regular,0
P419,T-Shirt,Nike,706.81,Linen,Black,Regular,0
P420,Kurta,Roadster,2173.46,Denim,Yellow,Loose,1
P421,Shirt,Levi's,2517.86,Wool,Black,Loose,1
P422,Jeans,UCB,2093.77,Cotton,Blue,Slim,1
P423,Jacket,Puma,3050.34,Denim,Black,Slim,0
P424,Jeans,Levi's,3371.73,Polyester,White,Loose,0
P425,Shirt,Nike,2229.91,Denim,Blue,Loose,0
P426,Jacket,HRX,3767.2,Linen,Green,Regular,1
P427,Shirt,Levi's,2879.5,Cotton,Blue,Regular,0
P428,Jeans,Roadster,4229.73,Wool,Blue,Regular,0
P429,T-Shirt,Roadster,3143.26,Linen,Green,Regular,1
P430,T-Shirt,Nike,1907.5,Cotton,White,Loose,1
P431,Shirt,HRX,982.13,Denim,Red,Slim,1
P432,T-Shirt,UCB,1617.64,Polyester,Black,Loose,1
P433,Jeans,Puma,1578.37,Cotton,Red,Regular,0
P434,Jeans,Nike,2837.52,Wool,Red,Slim,0
P435,Jeans,UCB,1688.84,Cotton,Black,Regular,1
P436,T-Shirt,Roadster,1727.07,Wool,Green,Regular,0
P437,Jacket,Nike,1691.07,Linen,Yellow,Regular,0
P438,Jacket,Levi's,3900.84,Denim,Red,Loose,1
P439,Shirt,Nike,4265.72,Denim,Blue,Loose,1
P440,Kurta,Roadster,2420.03,Cotton,Black,Loose,0
P441,Kurta,Roadster,4117.6,Wool,Blue,Loose,1
P442,Jacket,Nike,2802.77,Cotton,Black,Loose,0
P443,Kurta,HRX,3257.32,Linen,Green,Regular,0
P444,T-Shirt,Levi's,4345.55,Polyester,Yellow,Regular,1
P445,Jeans,Roadster,4637.19,Polyester,Black,Loose,1
P446,Kurta,HRX,1255.79,Polyester,Black,Regular,0
P447,Kurta,Levi's,1488.25,Cotton,Blue,Loose,1
P448,Shirt,HRX,1213.75,Linen,Yellow,Loose,1
P449,Jeans,Puma,1427.63,Wool,Black,Slim,1
P450,T-Shirt,Roadster,2020.85,Polyester,Yellow,Slim,0
P451,Shirt,Levi's,3962.5,Denim,Yellow,Slim,0
P452,Jacket,HRX,4743.57,Polyester,Red,Regular,1
P453,T-Shirt,Nike,3842.05,Wool,Green,Regular,0
P454,Jeans,Roadster,3498.05,Cotton,Red,Regular,0
P455,T-Shirt,UCB,2826.25,Wool,Green,Regular,1
P456,Jacket,Roadster,1301.21,Polyester,Green,Loose,1
P457,Kurta,UCB,3978.74,Polyester,Green,Slim,0
P458,Shirt,HRX,4304.21,Wool,Green,Regular,0
P459,Jacket,Nike,1578.97,Denim,Red,Regular,1
P460,Jeans,Puma,4176.69,Linen,Black,Loose,0
P461,Jacket,Levi's,4313.95,Polyester,Black,Regular,1
P462,T-Shirt,Levi's,1794.91,Linen,Blue,Slim,1
P463,Shirt,Roadster,4277.91,Linen,Green,Regular,1
P464,Kurta,HRX,4083.09,Cotton,Black,Slim,0
P465,Jacket,UCB,3049.32,Cotton,Red,Regular,0
P466,Jacket,Nike,3742.22,Denim,Black,Regular,1
P467,Jacket,Roadster,769.73,Polyester,Yellow,Slim,1
P468,Jacket,Roadster,2548.08,Linen,Yellow,Regular,0
P469,Shirt,Puma,4814.96,Polyester,Black,Loose,0
P470,T-Shirt,Roadster,2524.5,Denim,White,Slim,0
P471,T-Shirt,Puma,3793.55,Denim,Yellow,Loose,1
P472,Shirt,Puma,3237.51,Linen,Yellow,Slim,1
P473,Shirt,Levi's,1723.89,Polyester,Red,Loose,0
P474,Jeans,Levi's,4646.77,Polyester,Blue,Loose,0
P475,Jeans,HRX,3768.73,Denim,Yellow,Slim,1
P476,Jeans,HRX,2929.33,Linen,Blue,Slim,1
P477,Jeans,Roadster,2196.23,Wool,Blue,Loose,0
P478,T-Shirt,UCB,3591.81,Denim,Black,Loose,0
P479,Jacket,Roadster,3256.95,Denim,Yellow,Slim,1
P480,Kurta,HRX,3327.18,Cotton,Green,Loose,1
P481,Jacket,Puma,1195.86,Wool,Red,Slim,0
P482,Jacket,UCB,2927.98,Denim,White,Slim,1
P483,Jeans,HRX,3055.57,Linen,Green,Slim,0
P484,Kurta,UCB,4851.35,Denim,Green,Regular,1
P485,Shirt,UCB,1275.83,Polyester,Red,Loose,0
P486,Kurta,Nike,4103.95,Polyester,Green,Slim,0
P487,Kurta,Roadster,588.05,Wool,Green,Slim,0
P488,Shirt,Puma,4297.11,Polyester,Green,Loose,1
P489,Shirt,UCB,2328.07,Denim,Blue,Slim,1
P490,T-Shirt,UCB,3721.29,Cotton,Black,Loose,0
P491,Kurta,HRX,2143.66,Wool,Green,Regular,0
P492,Shirt,Levi's,4052.44,Wool,White,Regular,0
P493,Jeans,Levi's,4898.33,Cotton,Blue,Slim,0
P494,T-Shirt,HRX,3887.87,Cotton,Green,Slim,1
P495,Jeans,HRX,3708.61,Linen,Red,Loose,0
P496,T-Shirt,Levi's,910.99,Denim,Green,Loose,1
P497,Jeans,Puma,1449.56,Polyester,White,Loose,1
P498,Jacket,Roadster,4817.31,Cotton,Yellow,Slim,1
P499,Shirt,Nike,2274.58,Polyester,Yellow,Regular,0
P500,T-Shirt,Nike,2310.55,Wool,Yellow,Regular,1
P501,Jeans,Puma,1942.42,Wool,Black,Regular,1
P502,Shirt,HRX,2185.37,Wool,Green,Loose,1
P503,T-Shirt,Puma,3274.52,Linen,White,Regular,0
P504,Jacket,Levi's,2712.54,Linen,Blue,Slim,0
P505,Jeans,Nike,3389.74,Cotton,Yellow,Loose,0
P506,Jeans,UCB,3676.95,Denim,Red,Slim,0
P507,Jeans,UCB,4075.31,Cotton,Green,Loose,1
P508,Shirt,HRX,4486.08,Polyester,Black,Regular,1
P509,T-Shirt,UCB,2943.87,Wool,Yellow,Slim,0
P510,Jacket,Puma,4900.34,Wool,Red,Regular,1
P511,Jeans,Puma,1052.65,Wool,Green,Loose,1
P512,Jacket,HRX,1299.34,Polyester,Yellow,Slim,1
P513,T-Shirt,Puma,3212.19,Cotton,Blue,Slim,0
P514,Kurta,Nike,4917.98,Wool,Blue,Loose,1
P515,Kurta,Puma,1141.09,Cotton,Black,Regular,1
P516,Shirt,Levi's,4503.23,Cotton,Black,Slim,0
P517,Jeans,Nike,416.85,Denim,Yellow,Regular,1
P518,T-Shirt,HRX,4380.45,Linen,White,Slim,0
P519,Shirt,HRX,1096.96,Wool,Blue,Regular,0
P520,Shirt,Levi's,1658.82,Linen,Yellow,Loose,1
P521,Shirt,Levi's,1155.24,Denim,White,Slim,1
P522,Jeans,Puma,4591.55,Polyester,Red,Regular,0
P523,Jacket,Nike,1394.77,Wool,Black,Slim,0
P524,Jeans,Roadster,3420.94,Polyester,Green,Regular,0
P525,Kurta,UCB,3765.86,Polyester,Red,Slim,1
P526,Kurta,Roadster,1778.43,Cotton,Red,Regular,0
P527,Shirt,Levi's,1646.06,Linen,Yellow,Loose,0
P528,Jeans,Roadster,4144.82,Cotton,Red,Loose,1
P529,Kurta,Levi's,400.52,Denim,Yellow,Regular,1
P530,Shirt,Levi's,1065.5,Cotton,Green,Slim,0
P531,T-Shirt,Roadster,800.4,Wool,White,Slim,1
P532,Jeans,UCB,3475.32,Polyester,Black,Regular,1
P533,Jeans,Roadster,3215.58,Cotton,Red,Slim,1
P534,Jacket,Puma,2382.84,Wool,Red,Regular,1
P535,T-Shirt,Puma,2507.17,Linen,Green,Loose,0
P536,T-Shirt,Levi's,4028.77,Wool,Yellow,Loose,1
P537,Jacket,Roadster,2337.9,Cotton,White,Slim,1
P538,Shirt,Levi's,3639.14,Polyester,White,Loose,0
P539,Jacket,UCB,886.86,Denim,Black,Slim,1
P540,Shirt,Levi's,2434.57,Cotton,Black,Loose,0
P541,Kurta,Roadster,1166.82,Cotton,White,Slim,0
P542,Kurta,UCB,1501.83,Cotton,White,Loose,0
P543,Jeans,Puma,345.01,Polyester,Green,Loose,0
P544,Jeans,HRX,3473.87,Wool,Yellow,Loose,0
P545,Jacket,UCB,4708.87,Denim,Green,Slim,1
P546,Shirt,Nike,4080.74,Cotton,Blue,Regular,0
P547,Jeans,HRX,2645.28,Cotton,Blue,Regular,0
P548,T-Shirt,Levi's,4260.89,Denim,White,Slim,1
P549,Jacket,Levi's,2428.47,Linen,Blue,Loose,0
P550,Jacket,HRX,393.66,Cotton,Black,Slim,0
P551,T-Shirt,HRX,4218.45,Linen,Black,Regular,1
P552,Shirt,Puma,2462.22,Polyester,Yellow,Regular,1
P553,T-Shirt,Puma,1990.9,Cotton,Black,Loose,1
P554,Kurta,Levi's,4079.16,Cotton,Red,Slim,1
P555,Jeans,HRX,453.53,Denim,Black,Loose,1
P556,T-Shirt,HRX,960.08,Linen,White,Regular,1
P557,Jeans,Puma,1185.53,Polyester,White,Loose,0
P558,T-Shirt,Puma,4771.96,Wool,Black,Regular,1
P559,Jacket,Levi's,3048.86,Wool,Black,Regular,0
P560,Jeans,Levi's,1829.02,Polyester,Black,Regular,1
P561,Kurta,Roadster,2372.8,Linen,Red,Slim,1
P562,Shirt,Roadster,2156.95,Denim,Green,Slim,1
P563,Kurta,Levi's,3833.96,Polyester,Red,Loose,1
P564,Jeans,Puma,1035.9,Polyester,Blue,Regular,0
P565,T-Shirt,Nike,4190.43,Linen,Red,Loose,0
P566,Jeans,UCB,2814.66,Polyester,Red,Regular,0
P567,Jeans,Roadster,710.87,Polyester,Red,Slim,1
P568,Jeans,UCB,3383.27,Denim,Green,Loose,0
P569,T-Shirt,Levi's,1089.18,Polyester,Blue,Loose,0
P570,Jeans,HRX,3690.64,Polyester,Black,Regular,0
P571,Jeans,HRX,762.64,Wool,Black,Slim,0
P572,Kurta,UCB,2197.79,Wool,White,Slim,1
P573,T-Shirt,Puma,3223.28,Wool,White,Slim,1
P574,Jeans,Puma,4936.47,Polyester,Green,Slim,0
P575,Kurta,HRX,2566.83,Linen,Green,Slim,1
P576,Jeans,HRX,4039.36,Denim,Black,Loose,1
P577,Jacket,Roadster,4851.6,Polyester,White,Regular,0
P578,Kurta,Roadster,1000.41,Cotton,Green,Loose,1
P579,Jacket,Levi's,2272.19,Polyester,Yellow,Loose,1
P580,Kurta,Levi's,916.99,Linen,Yellow,Regular,1
P581,T-Shirt,Roadster,1258.4,Denim,Blue,Slim,1
P582,Jacket,UCB,2200.69,Cotton,Yellow,Slim,1
P583,Kurta,Puma,550.15,Wool,Green,Regular,0
P584,Kurta,Roadster,557.33,Linen,Yellow,Regular,1
P585,Kurta,Levi's,3856.41,Linen,Yellow,Regular,1
P586,Jeans,UCB,2955.97,Linen,Green,Regular,1
P587,T-Shirt,Roadster,2960.79,Cotton,Green,Loose,1
P588,Shirt,UCB,1020.89,Cotton,Yellow,Loose,0
P589,Jeans,Levi's,2793.55,Linen,Yellow,Loose,1
P590,Jacket,Levi's,3761.71,Wool,Green,Slim,0
P591,Jeans,Levi's,2768.45,Linen,Green,Loose,0
P592,Jacket,Roadster,3489.43,Wool,Yellow,Loose,1
P593,T-Shirt,Puma,4752.5,Linen,White,Regular,0
P594,Jacket,UCB,2451.21,Cotton,Green,Slim,0
P595,Jacket,HRX,1132.59,Denim,Green,Slim,0
P596,Jacket,Puma,4915.82,Cotton,Yellow,Regular,0
P597,Shirt,Nike,1144.22,Polyester,Blue,Regular,0
P598,Jeans,Puma,1180.46,Wool,Black,Loose,1
P599,Jacket,HRX,1939.92,Wool,White,Loose,0
P600,Jeans,HRX,2198.81,Polyester,Red,Regular,0
P601,Shirt,Nike,1369.87,Wool,White,Regular,0
P602,Shirt,Levi's,646.25,Polyester,Yellow,Loose,0
P603,Jeans,HRX,762.37,Denim,Blue,Slim,0
P604,Shirt,Roadster,2273.14,Wool,White,Regular,0
P605,Jacket,Nike,3676.48,Linen,Yellow,Loose,1
P606,Jeans,UCB,4266.32,Linen,White,Regular,1
P607,Shirt,Puma,2691.45,Cotton,Black,Loose,1
P608,Jeans,Levi's,4612.74,Cotton,White,Loose,0
P609,Jacket,HRX,3766.08,Linen,Blue,Slim,0
P610,Kurta,HRX,3345.19,Linen,Blue,Regular,1
P611,Kurta,Puma,2095.59,Wool,Green,Regular,1
P612,Jeans,UCB,3235.25,Cotton,Black,Loose,1
P613,Kurta,Levi's,2809.29,Linen,Black,Regular,0
P614,Kurta,Nike,4556.97,Polyester,Red,Slim,0
P615,Kurta,HRX,2847.66,Denim,Green,Slim,0
P616,Jacket,Nike,4941.47,Linen,Blue,Slim,0
P617,Jacket,UCB,4757.7,Denim,Black,Loose,0
P618,T-Shirt,Nike,2956.0,Linen,Black,Slim,0
P619,Shirt,HRX,1564.19,Linen,Green,Regular,1
P620,Jacket,Levi's,3622.52,Wool,Red,Loose,1
P621,Jeans,Levi's,3666.0,Linen,White,Slim,1
P622,T-Shirt,HRX,3278.28,Denim,White,Regular,0
P623,Jacket,Puma,4706.74,Wool,Green,Regular,0
P624,T-Shirt,Levi's,3062.31,Cotton,White,Loose,0
P625,Shirt,Levi's,781.79,Denim,Black,Loose,0
P626,Shirt,Nike,3792.31,Polyester,White,Loose,1
P627,Kurta,Roadster,3497.1,Linen,Red,Regular,1
P628,T-Shirt,Puma,2793.81,Cotton,Blue,Loose,0
P629,T-Shirt,UCB,3108.25,Cotton,Yellow,Regular,1
P630,Kurta,Roadster,912.42,Denim,Blue,Regular,0
P631,T-Shirt,Roadster,430.75,Wool,Blue,Loose,0
P632,T-Shirt,Roadster,4617.97,Polyester,White,Loose,0
P633,Jacket,HRX,4816.16,Cotton,Blue,Slim,0
P634,T-Shirt,Roadster,2031.53,Cotton,Yellow,Slim,0
P635,Kurta,UCB,2494.68,Cotton,Black,Loose,1
P636,Jacket,Nike,4412.02,Cotton,Green,Loose,1
P637,Jacket,Levi's,446.14,Linen,Black,Loose,0
P638,Jacket,Nike,2811.33,Denim,Yellow,Regular,1
P639,T-Shirt,UCB,714.71,Linen,Blue,Slim,0
P640,Kurta,Levi's,3077.53,Cotton,Green,Loose,0
P641,Shirt,Puma,1310.35,Polyester,Black,Regular,1
P642,T-Shirt,Nike,4224.23,Denim,Yellow,Regular,1
P643,Jacket,HRX,1587.7,Polyester,Green,Regular,1
P644,Kurta,Levi's,3729.12,Cotton,Black,Slim,1
P645,Jeans,HRX,1835.71,Linen,Black,Slim,1
P646,Jacket,Nike,1945.0,Linen,White,Regular,1
P647,Kurta,Levi's,2273.24,Wool,Green,Regular,1
P648,Jeans,HRX,4732.26,Cotton,White,Slim,0
P649,Jeans,HRX,1318.3,Polyester,Blue,Loose,0
P650,Shirt,UCB,2488.91,Linen,White,Loose,1
P651,Shirt,Puma,4861.16,Polyester,White,Regular,1
P652,Jacket,Puma,2712.44,Denim,Blue,Slim,1
P653,Jeans,Puma,2442.8,Polyester,Blue,Slim,0
P654,Shirt,Puma,4624.12,Polyester,Blue,Regular,0
P655,Shirt,Roadster,2033.73,Denim,Red,Regular,0
P656,Jeans,Roadster,2601.17,Polyester,Black,Regular,0
P657,Shirt,Levi's,4089.45,Cotton,Red,Slim,0
P658,Jacket,UCB,3380.84,Linen,Green,Loose,1
P659,Jeans,UCB,1174.24,Cotton,Green,Slim,0
P660,T-Shirt,Levi's,2727.63,Polyester,Yellow,Regular,0
P661,T-Shirt,Roadster,3012.9,Denim,Red,Regular,0
P662,Kurta,HRX,4314.03,Linen,Black,Slim,1
P663,Jeans,Nike,4363.54,Linen,Red,Slim,1
P664,Shirt,UCB,1877.3,Polyester,Blue,Slim,0
P665,Shirt,Roadster,1959.34,Denim,Green,Regular,0
P666,Kurta,Roadster,1991.92,Polyester,Black,Loose,0
P667,Shirt,Levi's,4144.99,Denim,White,Regular,1
P668,Kurta,HRX,483.95,Polyester,Red,Slim,0
P669,Jeans,HRX,2205.2,Denim,Red,Slim,0
P670,Jeans,Nike,3497.23,Wool,Green,Regular,1
P671,Kurta,Roadster,2462.61,Wool,White,Regular,1
P672,Jacket,UCB,4158.8,Polyester,Blue,Slim,1
P673,Shirt,Levi's,4041.22,Cotton,Red,Loose,0
P674,Shirt,Levi's,436.0,Cotton,Blue,Loose,1
P675,Jacket,Levi's,4962.91,Polyester,White,Loose,0
P676,Shirt,Levi's,4771.6,Cotton,White,Loose,1
P677,T-Shirt,Levi's,4217.74,Cotton,Green,Loose,1
P678,Shirt,Puma,4637.03,Denim,Black,Slim,0
P679,T-Shirt,UCB,3518.28,Polyester,Yellow,Slim,1
P680,Kurta,Levi's,1438.42,Cotton,Blue,Regular,1
P681,T-Shirt,Puma,3472.54,Polyester,Blue,Regular,0
P682,Jeans,HRX,2583.86,Denim,Red,Slim,0
P683,Jeans,Nike,1148.8,Cotton,Black,Loose,0
P684,Jeans,Puma,3353.41,Wool,Yellow,Loose,0
P685,Jeans,Puma,2002.68,Wool,White,Loose,1
P686,T-Shirt,Puma,3993.5,Linen,Black,Loose,1
P687,T-Shirt,Puma,783.17,Wool,Green,Slim,0
P688,Jacket,Puma,2985.92,Wool,Red,Regular,0
P689,Jeans,Puma,1115.81,Cotton,Black,Slim,1
P690,Shirt,Roadster,3790.77,Denim,Green,Loose,1
P691,Jeans,UCB,4257.88,Linen,Blue,Regular,1
P692,T-Shirt,Nike,3840.18,Linen,White,Loose,0
P693,Jacket,Roadster,4750.33,Wool,Black,Regular,0
P694,T-Shirt,HRX,4045.52,Wool,Yellow,Slim,1
P695,Shirt,Roadster,1069.94,Linen,Blue,Regular,1
P696,T-Shirt,Roadster,3795.99,Wool,Red,Slim,0
P697,Jacket,Nike,4634.3,Cotton,Yellow,Regular,1
P698,Jeans,Levi's,347.42,Cotton,White,Slim,1
P699,Kurta,UCB,1621.69,Denim,Red,Regular,1
P700,Jacket,Roadster,3424.68,Denim,Blue,Regular,1
P701,Jeans,Levi's,4552.38,Denim,Yellow,Regular,1
P702,Jeans,Nike,3432.2,Cotton,Black,Loose,1
P703,Jacket,Roadster,4572.97,Polyester,Green,Regular,0
P704,Kurta,Levi's,1651.41,Denim,Black,Loose,0
P705,T-Shirt,UCB,3237.9,Linen,Green,Loose,1
P706,Kurta,Nike,2552.23,Polyester,Green,Loose,1
P707,T-Shirt,Puma,1058.33,Linen,White,Slim,0
P708,T-Shirt,Nike,1563.4,Cotton,Yellow,Loose,0
P709,Shirt,Puma,3519.02,Wool,Green,Slim,1
P710,Jacket,Nike,4812.81,Cotton,Black,Regular,0
P711,Kurta,UCB,2015.71,Cotton,Yellow,Regular,1
P712,Jeans,HRX,707.94,Cotton,Green,Regular,0
P713,Kurta,Nike,695.8,Linen,White,Regular,1
P714,T-Shirt,Nike,3213.22,Cotton,White,Regular,1
P715,Jacket,Levi's,3912.92,Cotton,Black,Slim,0
P716,Jeans,UCB,4043.81,Wool,Green,Regular,1
P717,Shirt,Roadster,1318.42,Polyester,Yellow,Slim,1
P718,Jacket,HRX,865.96,Linen,Yellow,Regular,1
P719,Shirt,UCB,2071.82,Polyester,Green,Slim,1
P720,Jeans,Levi's,4964.82,Denim,Green,Regular,1
P721,Shirt,Puma,930.8,Wool,Red,Regular,0
P722,Shirt,Nike,1267.93,Linen,Red,Loose,1
P723,Jacket,Puma,3962.58,Linen,Blue,Slim,0
P724,Jacket,UCB,4177.31,Cotton,White,Slim,0
P725,T-Shirt,UCB,941.35,Cotton,Yellow,Slim,1
P726,T-Shirt,Nike,2287.65,Denim,White,Loose,1
P727,Jeans,Puma,1264.38,Linen,Yellow,Loose,1
P728,Shirt,Roadster,3884.0,Wool,Yellow,Loose,1
P729,Jacket,HRX,425.82,Denim,Black,Slim,0
P730,Jeans,UCB,977.73,Cotton,White,Regular,0
P731,Jacket,UCB,1621.77,Polyester,Red,Loose,0
P732,Jeans,Roadster,2492.95,Denim,Green,Loose,1
P733,Jacket,Puma,4278.86,Cotton,Black,Loose,0
P734,Jacket,Puma,4195.56,Wool,Black,Loose,0
P735,T-Shirt,Levi's,4838.68,Denim,White,Slim,1
P736,Jacket,Roadster,2388.36,Wool,White,Slim,1
P737,Jacket,Puma,2176.56,Denim,White,Slim,0
P738,Kurta,Levi's,743.09,Linen,Yellow,Slim,0
P739,Shirt,HRX,744.86,Linen,Yellow,Slim,1
P740,Kurta,Puma,2620.92,Cotton,White,Loose,0
P741,Jeans,Levi's,512.4,Denim,White,Slim,0
P742,T-Shirt,Puma,2716.48,Denim,Red,Loose,0
P743,Jacket,Levi's,4865.45,Wool,White,Loose,0
P744,Jeans,UCB,2398.71,Wool,Yellow,Loose,1
P745,Jeans,HRX,1187.85,Linen,Black,Loose,0
P746,Kurta,Roadster,2138.03,Polyester,White,Loose,0
P747,T-Shirt,Nike,1449.92,Wool,Black,Regular,1
P748,Shirt,Puma,3003.97,Linen,White,Slim,0
P749,Jeans,Roadster,3955.52,Denim,Green,Loose,1
P750,T-Shirt,UCB,3847.09,Polyester,White,Slim,0
P751,Jeans,Roadster,1905.32,Cotton,Green,Loose,1
P752,T-Shirt,Levi's,835.44,Polyester,Black,Slim,0
P753,Jacket,Nike,896.89,Wool,Red,Slim,1
P754,Shirt,UCB,3380.69,Denim,White,Regular,0
P755,Kurta,UCB,446.34,Wool,Yellow,Slim,0
P756,T-Shirt,Levi's,780.3,Cotton,Blue,Slim,1
P757,Jacket,HRX,1719.13,Denim,Black,Loose,0
P758,Kurta,Puma,1700.81,Wool,White,Loose,1
P759,Jeans,Puma,2963.92,Polyester,Green,Slim,0
P760,Jeans,Nike,4194.19,Linen,Black,Loose,1
P761,Shirt,Nike,3623.56,Wool,Yellow,Slim,0
P762,Jacket,Nike,2037.98,Linen,Black,Regular,1
P763,Kurta,Puma,4124.94,Polyester,Red,Slim,0
P764,Jacket,UCB,3310.39,Linen,Red,Regular,1
P765,Shirt,Puma,3898.75,Polyester,Yellow,Slim,0
P766,Jeans,Roadster,877.06,Wool,Red,Regular,0
P767,T-Shirt,Nike,1686.22,Wool,Yellow,Slim,1
P768,Jacket,Nike,2668.06,Denim,Yellow,Slim,0
P769,Shirt,Levi's,3434.88,Wool,White,Loose,1
P770,T-Shirt,Roadster,1731.14,Linen,Black,Slim,1
P771,Shirt,Puma,2024.61,Polyester,Green,Regular,0
P772,Shirt,HRX,3682.79,Wool,Green,Regular,1
P773,T-Shirt,Nike,1427.27,Cotton,Black,Slim,1
P774,Jacket,UCB,4274.54,Polyester,Red,Loose,0
P775,Jeans,Puma,2618.31,Wool,Green,Slim,1
P776,T-Shirt,Roadster,582.62,Denim,Red,Slim,1
P777,Jeans,Levi's,3548.45,Linen,White,Regular,0
P778,Jacket,Puma,3598.56,Polyester,Black,Regular,1
P779,Jeans,Nike,2404.44,Denim,Red,Regular,0
P780,Jeans,Nike,1490.81,Cotton,White,Loose,1
P781,Shirt,UCB,362.5,Polyester,Green,Loose,0
P782,Jeans,Puma,1440.36,Denim,Blue,Loose,0
P783,Shirt,HRX,4395.7,Denim,Green,Regular,1
P784,Kurta,UCB,1055.24,Linen,Green,Regular,1
P785,Kurta,Roadster,894.49,Cotton,Yellow,Regular,0
P786,T-Shirt,Roadster,330.85,Wool,Black,Slim,0
P787,Jacket,UCB,4387.89,Polyester,Green,Slim,1
P788,Shirt,Puma,1170.5,Polyester,White,Regular,1
P789,Jeans,HRX,502.38,Polyester,Yellow,Slim,0
P790,Shirt,Levi's,3433.33,Polyester,Blue,Slim,0
P791,T-Shirt,UCB,3135.78,Polyester,Black,Slim,1
P792,T-Shirt,Roadster,3976.43,Polyester,Green,Slim,1
P793,Jacket,Puma,1362.71,Cotton,Blue,Slim,0
P794,T-Shirt,UCB,2039.05,Denim,Green,Slim,1
P795,Kurta,Roadster,3149.02,Denim,Blue,Slim,0
P796,Kurta,Roadster,693.44,Linen,Black,Slim,0
P797,Kurta,Levi's,1193.33,Linen,Red,Loose,0
P798,Jacket,HRX,2459.76,Cotton,Blue,Loose,1
P799,Jeans,UCB,2806.3,Denim,Blue,Loose,1
P800,Jeans,Nike,3445.19,Cotton,Red,Loose,1
P801,Jacket,Roadster,3441.12,Denim,Black,Loose,1
P802,T-Shirt,Levi's,1253.03,Polyester,Blue,Regular,0
P803,Jeans,Puma,1847.44,Linen,Green,Loose,0
P804,Jacket,Roadster,2825.52,Denim,Green,Slim,0
P805,T-Shirt,Levi's,3109.93,Wool,Blue,Loose,0
P806,Jeans,Levi's,3801.54,Cotton,Yellow,Loose,1
P807,Kurta,Nike,4669.45,Linen,Blue,Slim,1
P808,Shirt,HRX,3866.04,Denim,White,Loose,0
P809,Shirt,HRX,3554.1,Cotton,White,Loose,0
P810,Jacket,UCB,433.55,Polyester,Black,Slim,0
P811,Kurta,Levi's,1952.13,Wool,Blue,Slim,0
P812,Jeans,UCB,649.5,Denim,Blue,Loose,1
P813,Kurta,HRX,4331.18,Wool,Green,Loose,0
P814,Jacket,Nike,3426.73,Polyester,White,Slim,0
P815,Kurta,Nike,3290.61,Polyester,Green,Slim,0
P816,T-Shirt,Nike,4841.02,Linen,Green,Regular,0
P817,T-Shirt,Roadster,1372.35,Wool,Yellow,Regular,1
P818,Jacket,Puma,686.6,Denim,Black,Slim,1
P819,Jeans,Puma,3327.51,Cotton,Blue,Slim,0
P820,Jeans,HRX,3403.0,Linen,Blue,Slim,1
P821,Jeans,Roadster,2327.82,Linen,Yellow,Loose,0
P822,Jacket,HRX,765.37,Denim,Green,Slim,0
P823,Shirt,Puma,2045.89,Wool,Green,Loose,0
P824,Shirt,HRX,3534.68,Denim,White,Regular,1
P825,Jeans,Puma,3016.47,Polyester,Green,Slim,1
P826,Shirt,UCB,661.04,Linen,White,Regular,1
P827,Jeans,Puma,3547.9,Wool,White,Loose,0
P828,Jeans,Levi's,1948.16,Linen,Blue,Regular,0
P829,Jacket,Levi's,3162.27,Polyester,Black,Regular,1
P830,Jacket,Roadster,4141.53,Polyester,Black,Regular,1
P831,T-Shirt,HRX,610.14,Polyester,Yellow,Slim,1
P832,Jeans,Levi's,1695.64,Linen,Blue,Regular,1
P833,T-Shirt,UCB,600.22,Linen,Yellow,Slim,1
P834,T-Shirt,UCB,2360.98,Polyester,Red,Loose,0
P835,Jeans,HRX,326.36,Wool,Blue,Slim,1
P836,Shirt,Levi's,1807.94,Linen,Red,Regular,0
P837,T-Shirt,UCB,4033.42,Denim,Red,Loose,1
P838,Jacket,Puma,3536.4,Polyester,Green,Slim,1
P839,Jacket,HRX,2251.01,Cotton,Red,Loose,1
P840,Shirt,HRX,1471.58,Wool,Black,Slim,0
P841,Jeans,Nike,1194.82,Denim,Black,Loose,0
P842,Shirt,Levi's,3404.82,Wool,White,Slim,1
P843,Jacket,Roadster,480.06,Linen,Green,Slim,0
P844,Kurta,HRX,4601.89,Polyester,Black,Loose,1
P845,T-Shirt,Roadster,4111.34,Wool,Red,Regular,0
P846,Kurta,Roadster,3734.9,Wool,Yellow,Loose,0
P847,T-Shirt,HRX,3537.87,Linen,Red,Regular,1
P848,Kurta,UCB,1370.72,Cotton,Blue,Slim,1
P849,Shirt,Levi's,4226.51,Denim,White,Loose,0
P850,Jacket,Roadster,2979.86,Denim,Black,Loose,0
P851,Kurta,Puma,4759.04,Polyester,Yellow,Regular,0
P852,Shirt,HRX,2957.65,Wool,Green,Loose,0
P853,Kurta,Roadster,4125.58,Linen,Green,Loose,0
P854,T-Shirt,Levi's,4555.02,Denim,Red,Regular,0
P855,Jeans,HRX,1511.6,Polyester,Yellow,Loose,1
P856,T-Shirt,Nike,4504.99,Denim,Red,Regular,0
P857,T-Shirt,HRX,3164.05,Wool,Black,Regular,1
P858,T-Shirt,UCB,2871.66,Cotton,Blue,Loose,0
P859,Jacket,Nike,1439.96,Linen,White,Loose,1
P860,Kurta,Nike,3279.51,Denim,Yellow,Regular,1
P861,Jeans,Nike,1462.76,Denim,Black,Regular,0
P862,Shirt,Puma,4348.08,Polyester,Blue,Loose,1
P863,Kurta,HRX,3392.7,Wool,Green,Loose,0
P864,Kurta,HRX,301.23,Wool,Black,Loose,1
P865,T-Shirt,HRX,1262.26,Cotton,Green,Loose,0
P866,T-Shirt,Roadster,603.36,Wool,Blue,Loose,1
P867,Kurta,Roadster,4781.19,Denim,Black,Loose,0
P868,Kurta,Roadster,620.0,Wool,White,Regular,0
P869,T-Shirt,UCB,827.4,Linen,Blue,Regular,0
P870,Jeans,UCB,2848.32,Polyester,White,Slim,0
P871,T-Shirt,Levi's,4165.96,Polyester,White,Loose,0
P872,Jeans,Nike,707.45,Linen,Red,Loose,1
P873,Jacket,HRX,3382.24,Linen,Blue,Regular,1
P874,Jacket,HRX,2453.45,Polyester,White,Slim,0
P875,Shirt,HRX,1263.42,Polyester,Green,Loose,1
P876,Kurta,Levi's,3695.93,Denim,Red,Regular,0
P877,Shirt,Nike,3668.75,Cotton,White,Regular,1
P878,Jeans,Nike,1380.46,Denim,Green,Regular,1
P879,T-Shirt,Roadster,750.97,Denim,Black,Loose,1
P880,Shirt,HRX,4983.1,Denim,Green,Loose,1
P881,Jeans,Puma,3481.28,Polyester,Black,Loose,0
P882,T-Shirt,Puma,4730.52,Cotton,Yellow,Loose,1
P883,Kurta,UCB,4424.82,Cotton,Black,Slim,0
P884,Jeans,Levi's,3618.97,Cotton,Blue,Regular,0
P885,Shirt,UCB,3407.89,Cotton,Red,Loose,1
P886,Jacket,Roadster,4761.33,Denim,Black,Regular,0
P887,Jacket,Puma,863.07,Linen,Yellow,Loose,1
P888,Kurta,Nike,1789.27,Cotton,Red,Loose,0
P889,Jacket,Nike,4189.41,Linen,Blue,Loose,1
P890,Kurta,Roadster,2245.55,Denim,Green,Loose,0
P891,Jeans,HRX,1234.64,Cotton,Black,Slim,0
P892,Kurta,Roadster,2283.26,Linen,Blue,Loose,1
P893,Kurta,UCB,4286.67,Polyester,Yellow,Loose,1
P894,Shirt,UCB,1227.85,Denim,Black,Slim,1
P895,Shirt,Levi's,2128.59,Wool,Blue,Slim,0
P896,Shirt,UCB,4824.66,Denim,Yellow,Regular,1
P897,Jacket,Nike,4290.94,Wool,White,Slim,0
P898,Jacket,HRX,402.03,Cotton,Yellow,Loose,0
P899,T-Shirt,Levi's,403.75,Cotton,Red,Loose,0
P900,Shirt,Puma,1467.24,Linen,Black,Regular,0
P901,Shirt,UCB,816.53,Linen,White,Loose,0
P902,Jeans,Levi's,1040.36,Denim,White,Slim,0
P903,Jeans,Levi's,3177.3,Linen,White,Loose,0
P904,Jacket,UCB,1399.54,Denim,Green,Loose,0
P905,Kurta,Puma,4219.6,Linen,Red,Regular,1
P906,Kurta,Nike,4178.08,Linen,Green,Regular,1
P907,T-Shirt,Levi's,1596.79,Denim,Yellow,Loose,1
P908,Jacket,Puma,2505.83,Linen,Green,Loose,0
P909,Shirt,Puma,1493.69,Denim,Yellow,Loose,0
P910,Jacket,Puma,3945.39,Cotton,White,Slim,0
P911,Jeans,Puma,4814.28,Denim,Red,Slim,0
P912,Kurta,Nike,3787.27,Cotton,Yellow,Regular,1
P913,T-Shirt,Nike,4828.88,Cotton,Green,Regular,1
P914,T-Shirt,Levi's,1019.6,Denim,White,Regular,0
P915,T-Shirt,Puma,3104.23,Denim,Yellow,Regular,0
P916,Shirt,Nike,1974.43,Linen,Green,Slim,0
P917,Kurta,Puma,3902.81,Wool,Black,Loose,1
P918,Jeans,Roadster,4081.04,Wool,Green,Loose,1
P919,T-Shirt,Nike,1073.48,Cotton,Black,Slim,1
P920,T-Shirt,Roadster,1855.04,Linen,Black,Slim,0
P921,Jacket,UCB,4372.08,Linen,Red,Regular,0
P922,Jacket,Puma,3159.85,Polyester,Green,Loose,0
P923,Jeans,HRX,722.51,Linen,Green,Slim,1
P924,Jeans,Levi's,1981.33,Wool,White,Slim,0
P925,Kurta,HRX,1182.35,Polyester,White,Regular,1
P926,T-Shirt,Levi's,3426.7,Cotton,Green,Slim,1
P927,T-Shirt,Nike,2586.44,Wool,White,Regular,0
P928,Jacket,UCB,1799.79,Linen,Black,Regular,0
P929,Jacket,UCB,4982.95,Cotton,Black,Regular,0
P930,Jacket,Levi's,1171.29,Cotton,Red,Loose,0
P931,T-Shirt,Nike,4949.64,Cotton,Yellow,Regular,0
P932,T-Shirt,HRX,693.36,Cotton,Yellow,Regular,0
P933,Kurta,Levi's,4835.47,Polyester,Yellow,Loose,1
P934,Kurta,HRX,2349.23,Polyester,Red,Slim,1
P935,Kurta,Puma,2705.53,Wool,Green,Regular,0
P936,Jeans,Puma,2050.96,Denim,White,Regular,0
P937,Kurta,UCB,3089.29,Wool,White,Loose,1
P938,Shirt,UCB,2331.1,Linen,White,Slim,0
P939,Jeans,Nike,387.95,Denim,Yellow,Loose,0
P940,Shirt,Nike,1521.28,Polyester,Green,Regular,0
P941,Shirt,HRX,2344.68,Wool,White,Loose,0
P942,T-Shirt,UCB,3803.47,Polyester,Red,Slim,0
P943,Jacket,Puma,391.2,Polyester,Red,Loose,0
P944,Jacket,Nike,3337.6,Denim,Red,Slim,1
P945,Shirt,UCB,1518.49,Linen,Green,Loose,0
P946,Jacket,Nike,4915.72,Cotton,Green,Slim,1
P947,Jacket,HRX,4952.01,Linen,Red,Regular,0
P948,T-Shirt,UCB,1305.77,Linen,White,Loose,1
P949,Jeans,Roadster,3195.45,Wool,Green,Regular,0
P950,Shirt,HRX,3929.62,Linen,Red,Slim,0
P951,Jacket,Roadster,1606.63,Linen,Blue,Loose,0
P952,Kurta,UCB,4885.0,Linen,Black,Regular,1
P953,Shirt,Roadster,2554.54,Linen,Green,Regular,1
P954,Shirt,Roadster,2534.98,Linen,White,Slim,1
P955,Jacket,Levi's,3789.55,Polyester,Blue,Regular,1
P956,Kurta,Nike,4093.06,Polyester,White,Loose,1
P957,Shirt,Roadster,416.95,Wool,Red,Loose,0
P958,Shirt,Puma,4457.74,Cotton,Red,Regular,1
P959,Kurta,Puma,3561.97,Denim,Black,Loose,1
P960,T-Shirt,Roadster,3951.46,Linen,Yellow,Regular,0
P961,Jacket,UCB,943.23,Wool,Green,Loose,0
P962,Kurta,Nike,4980.82,Polyester,Black,Slim,1
P963,Jacket,Roadster,3145.34,Cotton,Yellow,Loose,1
P964,Shirt,HRX,412.3,Wool,Red,Regular,1
P965,Jeans,Roadster,2553.85,Cotton,Black,Regular,0
P966,Shirt,Puma,2750.99,Denim,Blue,Regular,0
P967,T-Shirt,HRX,2872.64,Cotton,White,Loose,1
P968,Kurta,Puma,4642.65,Polyester,White,Regular,0
P969,Jeans,Puma,3095.99,Cotton,Red,Loose,0
P970,T-Shirt,UCB,413.25,Cotton,Blue,Slim,0
P971,Kurta,Roadster,1323.6,Cotton,Blue,Loose,0
P972,T-Shirt,UCB,3140.94,Cotton,White,Loose,1
P973,Jeans,HRX,2749.14,Polyester,Red,Slim,1
P974,Kurta,HRX,1193.59,Linen,Red,Slim,0
P975,Shirt,HRX,3028.21,Linen,Yellow,Regular,1
P976,T-Shirt,Puma,4202.28,Wool,Black,Regular,0
P977,T-Shirt,Levi's,1024.68,Polyester,Blue,Loose,0
P978,Kurta,Levi's,4236.93,Cotton,Black,Regular,0
P979,Kurta,HRX,1656.41,Denim,Red,Slim,1
P980,Jacket,Nike,1778.83,Cotton,Yellow,Regular,0
P981,T-Shirt,Roadster,3859.34,Polyester,Green,Loose,1
P982,Jeans,Nike,3330.87,Denim,Red,Regular,0
P983,Jacket,Roadster,2456.47,Polyester,Blue,Slim,1
P984,Jacket,Roadster,1648.91,Linen,White,Loose,1
P985,Jeans,Puma,4746.07,Denim,Black,Slim,1
P986,Shirt,Nike,3338.73,Cotton,Blue,Slim,0
P987,Jeans,Roadster,1198.82,Cotton,Red,Slim,1
P988,Jacket,UCB,3613.01,Cotton,Yellow,Slim,0
P989,T-Shirt,Levi's,4780.73,Denim,Black,Slim,0
P990,Jeans,Puma,373.34,Wool,Green,Slim,0
P991,Jeans,HRX,2287.31,Linen,Black,Loose,0
P992,T-Shirt,Nike,1747.27,Cotton,Black,Slim,1
P993,T-Shirt,Nike,2398.52,Polyester,White,Regular,1
P994,Jeans,UCB,3163.44,Cotton,White,Loose,0
P995,Jeans,Puma,4257.5,Denim,White,Slim,0
P996,Kurta,Nike,4535.77,Linen,Red,Regular,0
P997,T-Shirt,HRX,3022.59,Cotton,Green,Regular,1
P998,Kurta,Puma,2544.31,Denim,Green,Loose,0
P999,Jacket,Levi's,3202.02,Polyester,Red,Regular,1
P1000,Jeans,UCB,3258.6,Denim,White,Regular,1
